WSI_id	CSY.CSYNotta.BasalA	CSY.CSYNotta.BasalB	CSY.CSYNotta.ClassicA	CSY.CSYNotta.ClassicB	Puleo.Exocrine	Puleo.Endocrine	Puleo.Classic	Puleo.StromaActiv	Puleo.Basal	Puleo.StromaActivInflam	Puleo.Immune	Puleo.StromaInactive	Puleo.ICA9	Puleo.Tech	Hwang.Schwann	Hwang.Intra.pancreatic.neurons	Hwang.Epithelial..malignant.	Hwang.Neuroendocrine.like	Hwang.Mesenchymal	Hwang.Classical.like	Hwang.Acinar.like	Hwang.Neuronal.like	Hwang.Basaloid	Hwang.Squamoid	Hwang.Cycling	Hwang.Ribosomal	Hwang.Adhesive_state	Hwang.Interferon.signaling	Hwang.Cycling..G2.M.	Hwang.TNF.NFkB.signaling	Hwang.MYC.signaling	Hwang.Immunomodulatory	Hwang.Neurotropic	Hwang.Adhesive	Hwang.Myofibroblastic	Hwang.Moffitt_basal	Hwang.Moffitt_classical	Hwang.Collison_classical	Hwang.Collison_QM	Hwang.Bailey_squamous	Hwang.Bailey_progenitor
12AG00001-14	0.86743930677046	1.05878233371728	1.12418068978911	1.66114978241802	0.0674897740270906	-0.000450715270999727	0.250377506544824	0.419011092191702	0.229052436891116	-0.0385879950876638	0.296855062082586	0.424170168735105	0.641455226182982	-1.39588420672901	0.789532310129485	2.63013655431612E-17	0.210467689870516	1071.83986526765	2352.07495606714	1806.70709546289	2022.17896135478	1629.27297146102	2098.8360902659	2056.35374419515	1469.55528161282	2205.62346020565	1848.74720413764	1782.90533184017	1494.59788092469	2001.12181348302	1825.41263229561	1726.2230776118	1836.86437236541	1989.71646570881	2048.42861060271	-0.554353060876049	3.12225540668837	1.67148582108801	0.346976363536351	1.93322985233768	1.97660647275982
12AG00255-21	0.943184071637781	0.993943581433729	1.32168997553389	0.553767347838024	0.0883066601112668	0.0416922730131103	0.269218405317126	0.374887841861355	0.367515982354543	-0.0975173742627211	0.143849261530309	0.409914901560068	0.640783494559307	-1.40440711443287	0.768742247060527	2.63013655431612E-17	0.231257752939474	1086.43270496476	2303.99049504493	1750.8433884926	2006.20153218416	1607.80714253116	2110.76186656338	2192.54451357429	1406.92278722299	2346.2519198437	1924.11159705539	1798.00868924102	1429.04414113963	1912.02542507642	1828.43987568175	1680.46196078444	1828.84513905044	1970.63452057662	2008.86384041662	1.33210369145145	1.93376838044626	1.74859897343219	0.110166902346527	1.89185746312196	2.00030838817353
12AG00483-21	-0.0913630179008037	0.274296117817847	0.876053189750694	1.06441918017302	0.214176060618094	0.10074588358996	0.26400192800568	0.239755902167533	0.145289792131867	-0.073375999426357	0.216418211389501	0.389888867757566	0.627847133788456	-1.41845256785449	0.748758481673643	2.63013655431612E-17	0.251241518326358	946.806540598676	2190.97027243343	1780.92908809322	2261.44188849418	1548.86222466634	1994.46659031836	2013.38294643596	1405.79998051963	2254.42281880871	1781.80807845318	1636.65045527106	1388.91265337033	1899.29511486225	1823.14855951102	1724.05948169524	1846.90020795489	1962.69689079484	1866.94904976787	0.0211386141588599	2.5268489149451	1.32920047282285	0.227962458021011	1.42114909381953	2.12634049212967
12AG00753-06	1.04290074251029	1.28189303477146	1.61147577676862	1.43873495709336	0.122876646031735	0.060141221649926	0.281222605443444	0.347395870223847	0.204188488116648	-0.0847800482968323	0.303027051074872	0.434588492475955	0.633795180900238	-1.38956460406201	0.78982305555803	2.17179706176031E-17	0.21017694444197	1194.35521749233	2327.48825924585	1816.65683187429	2114.19958108993	1679.7625412532	2097.55598754014	2129.49987244373	1550.62819946721	2346.33500331607	1867.95610281133	1784.04480573988	1530.1292731523	1911.62233319835	1848.27168269033	1794.61394288395	1895.56378264617	1983.33969827106	2011.00619069786	-0.0884071138422748	2.45855256614615	1.2936819722258	0.027960376552186	1.67938092773438	1.89854254827569
12AG00920-04	-0.276826750612819	-0.140813552949374	0.336897601144606	0.485269373597368	-0.124469556231304	0.0613026841174318	0.319272245296646	0.315194464279383	0.244249480342629	0.087589693515949	0.596507179676771	0.336257893124611	0.629601651416915	-1.41602811916524	0.80189691256935	2.63013655431612E-17	0.198103087430651	868.869319754107	2213.74228382634	1699.78474211962	1737.70509766911	1339.35996244056	2015.53366243606	1867.09619551829	1368.72269650253	2173.22340473435	1796.63446134277	1671.05837265973	1365.67845206343	1836.02298103058	1712.36023326742	1715.31664635318	1748.96172280516	1907.33261988052	1869.00992960053	-0.479359952776271	2.51353309092753	1.71576943019373	0.922730700951761	1.8868467623733	2.09489274377404
12AG01035-18	0.632874615765226	0.898806619849404	1.58307171658802	0.937019568114097	0.091816837837529	0.144044909149069	0.286914718070836	0.33122414197888	0.160700447214368	-0.0811526121308089	0.301233897289842	0.475891192646845	0.62328718405733	-1.40638663296374	0.810942194112923	2.63013655431612E-17	0.189057805887078	1138.83837646986	2308.2272894475	1863.20390539992	2081.56234618975	1682.8590474131	2086.46626226987	2041.39333291303	1431.6645576719	2368.82376275321	1931.45250530344	1786.49476840109	1412.36738943246	1932.38519918371	1850.94330251533	1804.08506481217	1909.71820705317	1987.92926489236	1993.64359010725	-0.627256164150565	2.65681212652721	1.33771274263991	-0.312660829972155	1.31781442067004	2.01958608027105
12AG01099-10	0.205603151134822	0.461313893890619	-0.0439147441797158	-0.239527000010444	0.121174997871061	0.0119219534252319	0.202795128672204	0.689677917961875	0.342074051953964	0.107652166960927	0.491669937509617	0.456364734992918	0.673823183268186	-1.50682079004441	0.790386405721856	0.00686189520604209	0.208644138553597	865.928518963816	2335.72531031361	1579.92472326952	1916.51382688991	1468.2467186852	2103.87815045272	1981.64626804658	1206.33707341891	2224.88928979858	1844.49297638622	1620.64278553941	1146.38422423211	1862.28950979107	1695.48561969886	1723.46435312582	1726.7974706866	1975.57788991998	1972.25676147528	0.981600629613085	0.608458277279238	0.593371479717319	0.53897133433927	2.0833481675651	2.43104417099617
12AG01290-23	-0.330910923380301	0.530405698661973	1.30024739401746	1.35726447194835	-0.0312683167332438	0.0552106812566471	0.450031150304506	0.273301193869765	0.135334726639578	-0.154219335687637	0.320388284286956	0.125181589885836	0.626557113885174	-1.58924947864776	0.765357233413756	-0.00105158455703138	0.233818830401195	692.474009157772	2144.53494034244	1807.05622616504	1844.51026195846	1320.30324151084	2065.71824468307	1779.54528234669	1551.5117656208	2302.21099854627	1812.5572836219	1690.25792600301	1479.77163666697	1749.99256106146	1934.96690086031	1627.5597354603	1710.57389258955	1889.47276697079	1799.55402982262	-1.0750672171582	3.1915421160631	2.26178042146053	0.55623353384319	1.457491205805	2.75189019390894
12AG01599-15	1.38750661272517	0.774156184144859	-2.22558064178487	-0.257015107065861	-0.0989639619007088	-0.177732117715068	-0.289372115848138	0.657633029652417	0.262740803401016	0.0030538141190814	0.416281517321192	0.533640334453058	0.641946607753089	-1.40679351393588	0.893884321045112	7.56200007515776E-19	0.106115678954888	916.501731016887	2451.58531443034	1381.07028468661	1777.36982308429	1589.18397577028	2184.30929470597	1852.90256130863	1453.17766391253	2273.86809946869	1652.63856104354	1594.1671581371	1369.72461619049	1939.13704005946	1803.82466170416	1712.66117642638	1789.91913983264	2045.63953071532	2174.72912002899	0.28794390350822	-2.35858220401808	-2.5178195847582	0.980060491204952	2.81620723191247	1.85806731460642
12AG01818-18	0.0807769481296826	-0.0109607130356306	0.791819137751234	-0.146402324839941	-0.101477071195372	0.0279609360307722	0.340676670304134	0.480281168757772	0.265623966270298	-0.0675416430139766	0.419328373763154	0.376841439195274	0.639170766509571	-1.55438851880515	0.779115814504564	0.000828160801017931	0.21998025695747	734.032299601576	2282.93940402699	1698.3011492159	1769.57948829834	1491.90017359785	2097.30046628104	1943.11644573611	1465.15090894527	2266.35379588817	1790.49674389928	1643.54184641394	1476.33891156494	1817.93239682746	1834.39521018308	1676.49331544903	1805.87073453629	1934.51887136668	1900.72468847819	0.744927875627074	1.770021666303	1.56346299906559	0.547536727795982	1.67350944729917	2.61768015624947
12AG01824-15	0.365977763011812	0.764154763875625	1.00674207166002	0.789258984969597	0.189019770525032	0.142054661051904	0.368286356804366	0.373855937158462	0.338531343180419	-0.119864782309026	0.373274942969446	0.488343706094987	0.612245844384432	-1.5356343711981	0.777711696500028	0.00193110149871052	0.221392538500252	952.464136904536	2268.8225299682	1869.53301182414	1931.36604547485	1689.36381028244	2092.18354651379	1966.96955466338	1394.1093257706	2306.58336629845	1772.36598787169	1743.77411711757	1338.87569831512	1831.49113493298	1751.41698890178	1732.63851803832	1857.49962184227	1928.41240325326	1907.28170555927	1.741439384922	2.83533226932324	1.74474280538601	0.551460481768933	1.72222935234388	2.60262629024849
12AG02191-22	0.24186789518067	-0.305307979891583	0.246515587807382	0.383718758439394	0.179515122460651	0.0363818760885168	0.282740047679211	0.371696012277918	0.185427974790792	0.049251543997466	0.467469867833561	0.526100681054468	0.619297446838071	-1.52649481386519	0.807544579105323	-0.00127539486836734	0.191386207596901	942.999587047029	2289.83621629659	1735.32840523242	1958.46279227575	1621.71984756489	2068.93228006878	1895.6999183386	1289.82650430431	2254.18897367118	1790.09758868472	1661.79193537602	1226.06758232674	1788.20439830607	1763.47398021815	1719.14151800991	1868.30592011515	1942.77266170228	1872.702263232	0.137418882291762	2.17694450924204	0.882164787590063	0.544969205343288	1.67027153956367	2.58207858226826
12AG02528-10	-1.30265364446531	-0.881624250686384	2.36848577852656	1.44429078918087	-0.206841893040449	0.0612497659042255	0.606957828723785	0.173234235596471	0.0331317179157405	-0.0745402840988747	0.223054528150085	0.110621031461153	0.63321833776999	-1.43219994752203	0.744369858453596	2.63013655431612E-17	0.255630141546405	810.839975360247	1965.37659602722	1980.62590145149	1653.99093439663	1338.06002085428	1798.89780393383	1820.88936828003	1579.90446481061	2219.26976436965	1730.08950670046	1597.17193870488	1484.14669563168	1596.59471234771	1838.12865752414	1625.70195651842	1655.35340271209	1840.72396111608	1723.88778340899	-1.57867618718596	4.71838493814986	2.86745371095084	0.0444973392728938	1.16767643789044	2.35010247851614
12AG02675-12	3.18174211239976	1.03688078190647	-0.703859609648909	0.150104221978105	0.076895640651747	0.0838663293794197	-0.0435369869057396	0.510517128063115	0.339754270270853	0.0744721990096695	0.34521851764182	0.47749162704891	0.628325561210967	-1.40220109812041	0.816238920446959	1.26432737093497E-17	0.183761079553041	1054.09571193037	2409.91520964308	1548.10244103667	2004.45567701192	1699.68812295206	2331.65670137833	2054.90177272831	1301.76685545375	2389.38785919518	1823.71012574497	1738.19440841567	1304.60783791556	2035.06169273753	1804.49635637744	1841.23713130296	1874.51857485328	2086.51209474626	2030.72147835606	1.64380019927292	-1.23195412800996	-0.500975522114014	1.27686129090337	3.03674067797379	1.9120763296383
12AG02787-29	-0.0318828260539093	-0.290660699282118	1.49339875881458	0.785228078388202	-0.0668893217703292	0.123281792494272	0.518165186506403	0.560134664053503	0.30991244900602	0.105261536775366	0.375275460279753	0.247116685958437	0.623061418437651	-1.55865530050481	0.766238848816604	0.00113513797901764	0.2329320892888	907.529327479001	2258.64078698881	1903.21747007976	1790.4625518137	1379.52905806902	2097.75708779342	1888.34264005127	1407.74654641784	2310.87000810022	1860.6544731001	1674.40822348471	1458.45016457149	1839.10037453327	1716.11888086773	1661.3049178564	1742.17294942434	1960.80696897027	1918.01650908346	0.138874070144366	3.41808950838657	2.63265759941688	0.599094061118952	1.56682042921344	2.65604167729093
12AG02906-14	0.301084459481911	-0.0825213569864129	0.558128754596452	3.17797118064887	-0.167689723981395	0.0879475088033699	0.241868718273149	0.236969766266147	0.010293453342818	0.0817797296149124	0.422428093335112	0.419891828559743	0.625066064080269	-1.40214127936011	0.84314361648358	-2.62290258829755E-18	0.15685638351642	1144.68746537403	2296.08792078187	1794.25226133405	1817.04944755099	1505.28931783266	2043.21652650239	1851.67631860137	1651.10944775933	2239.59273133544	1776.41715100575	1700.29833345703	1609.15487574556	1814.68777026626	1811.75449212586	1818.90286166169	1845.68741344399	1970.87664229564	1935.0424994093	-2.78776482580989	4.77632101380408	2.3978987047869	0.332116969617796	1.5352688869941	2.08813414230266
13AG00043-27	0.314371656404404	-0.110634027318298	0.278399830309556	0.222822392041788	-0.106727775129979	-0.0917677123069211	0.317717128801901	0.650941417661261	0.493377834336441	0.0272781993319471	0.353524382498701	0.349718332238755	0.654132322078699	-1.52543222327376	0.791385612214171	-0.00127539486836734	0.207639122677462	829.425667959359	2304.36208736207	1634.95122110858	1772.37835116904	1346.39234439726	2159.87034653174	1997.20725617912	1181.00474305901	2354.8274523704	1811.6385559104	1619.61522346177	1183.81934592987	1822.41015776851	1652.6185100921	1598.93334899125	1686.01540252975	1956.31795011922	1947.44914463806	2.55356320695088	2.84415687674731	1.47103817593582	0.635249947696755	1.99341084445764	2.50262173161527
13AG00449-18	0.85608266838627	0.596282686940282	0.829069982327242	0.842472063299972	0.0188103274342589	-0.0454668334617237	0.158472344740334	0.356363931833406	0.112992013001059	0.00737945116744823	0.507862192908468	0.585306482290106	0.627562702992963	-1.39276169753585	0.850878417540828	2.3071028470434E-17	0.149121582459172	1025.96686039831	2389.41360304209	1682.75855060177	2032.36661911022	1598.35295089839	2127.48481497319	1944.97461960243	1335.66761330025	2356.17008744324	1772.45767512885	1698.52936118268	1293.52207467487	1904.7795318679	1845.42164124523	1816.77455781611	1962.55248485674	2002.50929079392	1994.95917659361	-2.57514095497217	0.389535102800845	0.0880660444249949	-0.172531132580534	1.48333784060602	1.97050987587493
13AG00715-15	0.487006210574797	0.0494413689065654	-0.435371687688007	-0.592450712042805	-0.0568155622731044	0.132534990364736	0.170928171032319	0.45534210707643	0.251910222858141	0.0527132448125316	0.54503236796412	0.553003546501091	0.586872248201599	-1.55276238840449	0.809903236617858	0.00662850546503805	0.189013836856025	926.983722344273	2310.28997359068	1587.95272583	1842.53481277394	1444.01114532739	2083.48121058004	1877.68143631754	1317.89049975439	2318.37602083512	1807.2074494879	1605.07147420866	1278.47066168314	1836.91752437713	1852.0976004545	1756.79538452794	1911.51536942668	1957.12393553948	1896.6079394602	-0.750885365253694	0.687773052479312	0.433398927864636	0.545703239088764	1.72727749037876	2.60447124253487
13AG01113-13	0.156495528924478	0.28866842611492	-1.70609378557258	-1.21106339251161	-0.0699876883392499	-0.0595222116615809	-0.0973650377993848	0.611072219178776	0.37279565516362	-0.0346093927273172	0.39174845782751	0.636409503039483	0.6760820770732	-1.51610782037365	0.816758430406885	0.00211746494861673	0.182118786989015	954.883727599228	2357.58906885197	1354.69751001444	1816.78358189063	1429.38620859889	2175.62184338077	1888.02716995287	1472.05640071072	2325.30846154834	1723.20485243081	1548.0173727356	1365.5850647388	1845.06398526283	1841.4228550191	1654.18495413609	1792.90508651002	1964.86626041263	1994.65995437489	0.364818706133641	-0.848978549441194	-1.33573540354633	0.553204496627374	1.94568018722276	2.31121827126696
13AG01198-12	-0.976969213654984	-0.67895466744434	0.514912505944462	0.201142679715672	-0.257847841214671	-0.130271796422095	0.424136306329733	0.205474221676802	0.208095762458162	0.0313674441244617	0.551636283151093	0.249969982049392	0.719259420881307	-1.50150914894846	0.784768030456263	-0.000961886261048483	0.214295179037652	783.256476058938	2226.20520637519	1633.50733006097	1610.01994331667	1297.0123478966	2134.05832117923	1865.75752591968	1384.31200690478	2258.5007479805	1705.25129074622	1468.6081191822	1425.04816856395	1659.89725067209	1678.13997027653	1577.94423179569	1652.3954637767	1872.758540228	1707.3961204911	-0.69380422445005	3.06519461802027	1.85226463755131	0.544648909659023	1.68708972643753	2.4718876667304
13AG01878-14	1.55543781202069	1.46148952778004	0.207515715132531	0.758629156591583	0.147306101404886	0.0443411077066994	0.129714825015221	0.399657041125326	0.296501372763064	-0.100958978245013	0.326724724667652	0.39603612208792	0.665819523341629	-1.3840876340879	0.77934026069	2.63013655431612E-17	0.22065973931	1045.49731443602	2312.06085413359	1632.0325515503	2036.08730435153	1663.83324502971	2266.82322552552	2210.7502137192	1360.90696668128	2290.98579352693	1817.24572065374	1742.90217646068	1276.12274732847	1859.48704024523	1802.44799254369	1766.46977143152	1803.92644857458	1946.26115807033	1963.44609858901	0.782781179954607	0.942492045846514	0.692357833716551	-0.160166074864927	2.29653199160835	1.76507727601908
13AG02084-19	0.411464996536903	0.720321974980898	0.586009809404537	0.77515893839961	0.246915724149928	0.0445503179769633	0.168540582168936	0.301184014567958	0.0456447217565143	-0.0362596634694533	0.257097637848522	0.542467717985424	0.638200166577197	-1.40096670857881	0.831644556864646	1.21190523422843E-17	0.168355443135355	1089.59890350441	2335.39993575985	1663.26224020089	2282.07550650854	1699.9171032495	2103.08060758699	1980.06242852926	1456.63240384432	2308.7612837987	1729.1343914034	1651.90095706446	1451.06129329235	1778.90002314411	1834.88274310947	1761.06535927275	1938.92846421775	1975.90041610515	1906.06874731405	-2.02727424266106	0.820362221562478	0.5313920125236	-0.430343318618811	1.45959243642031	1.93453886550322
13AG02093-11	-0.118078936067078	-0.760454784027529	-0.990572782519591	-1.44181037007834	-0.0938213956008188	-0.275402436183589	-0.0756408127604216	0.546406278011633	0.168356083578244	0.150755941739329	0.484713861918038	0.584592262173849	0.68660190997163	-1.52781992173522	0.794531639423033	0.00223590153360385	0.204474804474993	598.265577338827	2318.87438688283	1389.16866724107	1807.94451420175	1228.13848633831	2046.60734339985	1811.90335936399	1283.73495446761	2151.64765429744	1674.70632400496	1476.34210172413	1275.27384277035	1833.832448625	1731.97586171881	1658.16690405192	1778.02514969859	1952.23915549512	1899.74358355773	-0.0704143086678229	0.0113704963964825	0.236505480786049	0.526323080932236	1.81342743381726	2.4993070933706
13AG02097-21	0.0541751814989941	0.282632156477575	0.960467478071997	0.16166662448403	0.0280280769679456	-0.07615721363314	0.336670371798822	0.523959263144109	0.253156441775818	0.0135253842448795	0.417260679577418	0.481059518237372	0.629066442705811	-1.52394107909809	0.806586653270202	-0.00127539486836734	0.192349702810214	949.046526176502	2325.90197949242	1735.24307000493	1850.07990803663	1505.05039974253	2108.0648497881	1920.73740348126	1432.7977138931	2274.83446792278	1795.84548616674	1682.3401373334	1464.23711742269	1837.48607958436	1787.5764711989	1746.56361715117	1838.59082593199	1964.17729408275	1945.43511443288	0.0760338116032018	1.38767026735126	1.03111239519352	0.554217857619522	1.61323648146907	2.58318302057376
13AG02156-06	-0.820466149926394	-0.852227301189523	-0.941717265898779	-0.238070080070984	-0.274155726510062	0.187812157687382	0.127475631817749	0.455553956827531	0.0378925837516474	0.0728066680404819	0.505947990211171	0.822987316184255	0.614860867890451	-1.51722024471818	0.833707986316983	0.00113513797901764	0.16507068640711	1089.59035072761	2327.18819179851	1551.0716004535	1630.32679675641	1387.51471926641	2030.0327960014	1695.93926136236	968.173350306226	2269.45714414944	1645.4662937721	1491.66416622415	777.46561740753	1741.3159350025	1597.15330225081	1700.89220429968	1853.91262096105	1899.79060751669	1860.44695190469	-2.99044006987339	1.07675839702745	-0.12469211286007	0.518027788891037	1.43377903184845	2.54225577102947
13AG02647-8	0.444778774419849	0.88472189209515	0.247468910056542	0.953393753727235	0.227865740288959	0.0555503332111655	0.153547243543853	0.249028239140412	-0.0121187689034384	-0.247300499290391	0.193782620590795	0.215917975857585	0.641316309845329	-1.40246747368793	0.78397155524338	-5.61437482675585E-19	0.21602844475662	922.784117089255	2088.63093447917	1652.25185076727	2169.01240741928	1832.12100636199	2152.84267318521	1872.35202191376	1557.00851069948	2539.66961882163	1623.16766911424	1611.98322386419	1499.27970405215	1754.27839869073	1891.37479161035	1723.52788564694	1773.67494520111	1867.25072934119	1838.63799877415	-2.84528098753806	0.20218338047045	-0.58771673961503	-0.953032184799303	1.20536508581995	2.02986877535976
13AG02660-09	2.97977629123691	0.00539614303773267	-2.39914573996031	-0.48114815624926	0.0488242058573691	-0.0557519581283618	-0.322880795169102	0.571187825310148	0.276776906334116	-0.053696208946873	0.453900182144423	0.270752177347626	0.642832687094128	-1.42246434170411	0.815794030638231	-9.71405918873601E-18	0.184205969361769	876.373959048614	2284.34844434071	1331.76308847565	1953.9289157205	1481.93918543181	2294.08645752361	1689.55552103607	1457.5263223989	2312.23829588279	1653.08225329267	1616.61562942772	1426.62712346429	1985.00914499057	1848.77715253396	1659.7322252156	1709.16732528883	2008.49248450809	2033.2115854574	0.232696950961714	-2.25927468726391	-2.64417359589742	1.87211193791937	3.22359917254527	1.79420217009702
13AG02701-13	1.22708300446939	1.45214963571775	0.0162668015047946	0.0322998482948417	-0.0711591905772568	-0.0600238123153703	0.0926150426621887	0.624023675230189	0.303737260718943	0.0257809458678528	0.292411314845266	0.185069489595066	0.638560065086511	-1.42245524876064	0.780936855870067	6.93351125185377E-18	0.219063144129933	859.973675327976	2280.33010396062	1532.68067709008	1745.28777389285	1458.55702963518	2158.43284066078	1993.11090220252	1672.26256356559	2224.82386326286	1805.66375406037	1686.02856694286	1627.22553683218	1935.1258501445	1818.95861351663	1702.5007516222	1691.19517139701	2037.83589062272	1990.08385033506	1.27808212307196	-0.0308751727034418	0.54382124477901	1.03796300978757	2.34338043133547	1.97673342617638
13AG03054-30	-0.272023444912718	-1.28735172761634	-0.784086933570197	2.67240822060638	-0.250663740446946	-0.0866230280318745	0.107279425940357	0.177048549185796	-0.0859950612632015	0.0271901913875404	0.375887354593153	0.561366415176871	0.631411853862421	-1.40982250411582	0.907072323312679	2.63013655431612E-17	0.0929276766873213	943.125008797183	2311.44978968739	1632.48797318696	1652.61002757022	1474.35146310246	1903.20143514172	1539.21791487302	1554.95068076454	2151.15193672232	1509.92621489846	1564.47672748449	1537.92798748717	1685.58456487926	1772.66360453959	1750.20529500279	1903.66736054297	1862.36245638276	1825.52195767543	-3.26245942381444	3.76857972527629	1.51043512499998	-0.217049738836391	1.35217693824796	1.9941792165403
13AG03101-17	-0.352818512291007	-0.00232594108468659	0.199252992978588	0.518897990276601	-0.295974318593547	-0.0100660434113158	0.367924094885013	0.39892531607879	0.259178232844368	-0.0639506125125842	0.408599421085712	0.174987393683384	0.643697660755731	-1.58761636541296	0.770108904963725	0.00729558211283317	0.229039532645801	650.375888631962	2221.00668786035	1735.18449109181	1621.54606809388	1284.07852207413	2075.59308279616	1752.31223108185	1387.57879601727	2284.77248111448	1787.57256929696	1674.89348596578	1466.21476541486	1771.99435595381	1865.78765544771	1630.58677764389	1705.46942360635	1934.49630026872	1858.77559153916	-0.605075793226368	2.54838770382871	1.93956896232682	0.531151440711886	1.60568756998126	2.68291911215268
13AG03225-14	-0.734323809462583	-0.440769507283241	1.11863476837449	1.27228455098661	-0.487289391157636	0.0136829046579423	0.45309721487693	0.541618559634258	0.157200831524295	0.0282473846038649	0.319594103610356	0.555058683651246	0.645520164063363	-1.5567628976359	0.786207073132986	0.00160191746102572	0.212847769770734	701.005402812877	2303.0507882612	1851.84772131162	1580.20818798184	1375.56803247757	2073.22049015092	1822.93919416794	1225.76873516655	2270.03553610406	1773.14745235974	1633.23529328333	1204.68906734124	1786.71926608829	1756.37263891821	1639.4718645495	1799.14607573932	1977.94654038427	1963.11896735919	-1.97668745937039	2.92307633233355	2.10681061120365	0.549724034247166	1.48759209768037	2.63902576860872
13AG03568-15	0.274317884113515	-0.417256003016076	-0.169232354643776	0.0171145005536155	0.388407660780938	0.0725114801179706	0.172401202732762	0.45441214325593	0.219439118840812	0.168675886173543	0.613241484468944	0.32902030365157	0.654618350890873	-1.50159671006921	0.806681950896232	-0.000313968472589513	0.192253851124046	901.479399858888	2289.88042663165	1617.78807452973	2094.90251700654	1463.17038698379	2124.91846331611	1853.36677265752	1288.80901826891	2277.83590903015	1730.70238806902	1546.83139409265	1306.17682843923	1833.61215441135	1700.47499521572	1716.79057502485	1701.87545416679	1927.38388433809	1860.02409363574	1.00907729940546	1.75272270249536	0.677246585841517	0.524291916066581	1.8588694640447	2.50814729004433
13AG03751-11	0.526360833720353	-0.0127686652115525	-0.278803873901091	2.65614986843055	-0.113866942221271	-0.0306811752868096	0.0270656895466606	0.180467434407953	-0.0949377919505469	0.229349258658844	0.446137043516982	0.6570032326225	0.61530083423536	-1.39006807626283	0.951983258861386	1.16707621413459E-18	0.0480167411386141	1180.8793090772	2397.64021743849	1678.05410641257	1881.36849606953	1580.96437716818	2059.76918012188	1641.86619139009	1526.05777061927	2305.5666305831	1691.92109193354	1711.19247461336	1495.44239931094	1796.69691375461	1822.95010030664	1915.88562039138	2002.28878987989	2050.43864512118	1912.97480513255	-4.49766291248793	3.16321203579327	0.642019475696549	-0.0420912993532304	1.42677833533526	1.78232045082791
13AG03780-17	-0.626285647907012	-0.413156627523001	-0.730191403933287	-0.84455288852784	0.316526835872371	-0.0425819375009942	0.166979861188283	0.668536182243891	0.187761319629357	0.0240239522270257	0.433050145190346	0.542236319612808	0.62378952543528	-1.5545647844077	0.824300573853441	-0.00127539486836734	0.174532793541043	690.429474038425	2303.04564752456	1529.23765632127	2003.34589014284	1463.89929777006	2056.26501218018	1790.0359438376	1015.60522409725	2212.05587402453	1688.71793548154	1546.16107388575	950.902832566232	1778.3277547988	1610.76716259488	1579.42134990412	1702.19523356612	1923.66819951317	1929.53035907214	0.117669139727076	1.34478968085962	0.357465681702997	0.653956947310351	1.78309745760719	2.59535434165383
13AG03900-15	-1.24465109065399	-1.39955753223696	-1.79637650835086	-1.78866559879425	0.211220164943793	-0.169983893885895	0.122940649339995	0.747206207458697	0.305326346929143	0.0322425828736976	0.431270433969114	0.590985403547825	0.59844221138113	-1.59820366240143	0.823492331900062	-0.00076681423871675	0.175345734610933	715.733567650917	2293.8235772602	1403.80785427155	1815.10072536133	1358.32671957039	1943.7787254241	1575.10462893961	747.06207407251	2129.63777473861	1614.35480427224	1485.83529485975	794.825750839639	1751.37400430897	1412.41700213237	1514.13738909353	1728.47740943576	1886.39783836362	1910.82761127594	0.164374955619146	1.29682488387828	0.648131908009365	0.578549860329762	1.98943439859075	2.52925093741007
13AG04268-09	0.0927490940962063	0.377663688113836	1.48034248054261	0.392232083654134	-0.0539993061003059	0.0997854320411927	0.444969465136014	0.47547382123743	0.288792432155847	-0.129907458568319	0.362532323003422	0.315260172574496	0.635543291799566	-1.53841425555248	0.746001133108824	-0.000390603909934123	0.253287467020479	1052.72351514722	2256.7769615144	1870.67957530735	1749.86423105107	1523.72838349782	2093.66977702889	1919.48642985904	1347.42104456271	2227.72788602825	1834.85366651937	1708.34870440112	1466.56427396982	1827.96535115842	1772.24885579546	1614.27563540622	1778.94577368358	1925.06432053343	1929.04380067161	0.602519254750409	2.66378521063401	1.74926243035919	0.595157006136221	1.6385571261796	2.61230573211845
13AG04472-10	0.268454412296475	-0.0994872627485261	0.199638974402797	-0.385767845942373	-0.0742781853381791	0.0707803861650662	0.235198526034597	0.490533186080728	0.320437617674047	0.0354273731304099	0.332329632672476	0.374172916708646	0.640189402550424	-1.54649572021834	0.751710160557774	-0.00127539486836734	0.24754524730152	880.839117571392	2282.00358432995	1592.10533748438	1822.89828115783	1346.26038913149	2145.93472485275	2005.9713427156	1333.66751299739	2364.6256875064	1815.08869822803	1644.24256257581	1340.95873062953	1838.94681439737	1821.13559250288	1661.8720380184	1786.53995370438	1973.19368073768	1896.29312562664	1.84058838148456	1.28588608074943	1.26085580873474	0.564203809205634	1.75142318739711	2.54684113847435
13AG04928-12	0.591493960546106	0.487424620789079	0.937543866761891	1.05920495187887	0.117107490607245	0.159972784531324	0.153892883219239	0.475086067863216	0.0851415928565649	0.0204644850867652	0.405422072041883	0.567840546346537	0.615024748580754	-1.39803527332244	0.870555290599647	2.60746752222681E-17	0.129444709400353	1280.39365763618	2415.49003493331	1717.71021020459	2171.82911231449	1603.99570755173	2200.52457185407	1840.75024582612	1338.90666184798	2378.87936166042	1728.99426637377	1701.7424968463	1322.45126172006	1932.69442319528	1842.24333189755	1784.92265159239	1878.03479520123	2014.91962400944	2061.62654282358	-1.87609519313985	1.48412055440689	0.808997334119032	-0.308000955122297	1.32380090258887	1.97549391529887
13AG06107-18	2.36826468553473	1.36432480222444	-1.08547580400027	-0.547783888664153	0.0353142942608497	-0.121024980826067	-0.218019923042737	0.403701130412692	0.457738079544543	-0.121277453512259	0.235898232751229	0.13458041709091	0.655094174293543	-1.41786743399287	0.754521857522803	2.41973960023718E-17	0.245478142477197	792.319890256052	2161.23564589082	1441.34243965384	1928.93614889978	1475.50834081899	2321.52769577423	2047.75703205645	1920.57115784357	2385.29178153881	1792.18998853288	1625.73397817565	1910.66956069098	2061.33742682967	1854.68161878388	1643.89184430096	1691.775966368	2041.9180426567	1949.79089419462	1.62480395014178	-1.59691029501473	-1.36164478869247	1.8090010917142	3.26575889392359	1.81321454857356
13AG06282-27	0.283456306402588	0.948111565070427	1.03615147478638	0.228124481609923	-0.0356668477979096	-0.0452663614731195	0.299575817677487	0.442602145443528	0.269738882147913	-0.0699332583207087	0.346481565614041	0.091824007715083	0.645127650949575	-1.42530081447854	0.742216882858165	2.63013655431612E-17	0.257783117141836	775.110465655678	2087.13558635448	1640.7605372002	1715.48449542119	1377.15225580737	2001.02518892231	1956.0978922253	1543.74359875024	2027.92415469875	1828.6500326929	1706.45179942147	1506.60621455815	1807.78536699401	1764.67035080762	1654.79473158592	1674.25074778727	1892.1904417492	1823.49907868884	0.420737799594656	1.6128847297707	1.42146539622119	0.195864127594779	1.69177910396006	2.18251153956615
13AG06468-14	0.0930931627250571	1.23195505600281	0.0800114056170817	-0.242264705790133	-0.0447971153340185	-0.110164230767415	0.227687751351709	0.424389060351843	0.388005468645799	-0.0127900827754898	0.582025177118741	-0.0365472557979922	0.644122494823114	-1.57822995203658	0.768723254270193	0.00398458287664903	0.230433239508684	580.202664467777	2189.52502233673	1630.61004868252	1733.22273529537	1251.97551059795	2157.47794691152	1869.86706515846	1611.0486513116	2258.18332096731	1808.76757080717	1716.4007716718	1655.71003752879	1859.63342173947	1840.84877205606	1637.88239533871	1624.34946836307	1948.43691160523	1849.56938634928	0.733491860842148	2.00250083133765	1.56104875196898	0.665856326219669	1.94351587311175	2.50601803812484
13AG06573-23	1.24754085686106	0.520809500889919	0.744247792009417	0.66328649910038	-0.173149513194445	0.0817310232078446	0.248191880715037	0.48804794517452	0.413400879333523	0.0205913922562288	0.350664658733075	0.408869863819236	0.621586211460885	-1.53398027391495	0.795291072898898	-0.00101413769560163	0.203710955654972	1095.71077955873	2311.33642194011	1796.2462001957	1738.00858693822	1521.8180311275	2168.28618872031	1963.16143892354	1440.29109169007	2304.13208610983	1840.13346521322	1789.50769216225	1494.78189307881	1852.82594783317	1807.81377001077	1727.44078511574	1794.66206654304	1971.26483797825	1964.25676231391	1.78871233378368	2.53536043620149	1.79403521043691	0.609318165611809	2.15428185894839	2.52616551412946
13AG06685-05	1.07298005477092	0.48280279694202	0.0849738654288686	2.11536664804777	0.238210563244758	0.110134641334901	0.178469419202261	0.414658354688146	0.189195306104326	0.078248081366017	0.51675864296641	0.543984699098988	0.586987440932256	-1.51450928661223	0.823480948022799	-0.000864350249882617	0.175357184674027	1066.33772009913	2354.51326330848	1763.64751001076	2038.18339232557	1619.21380240389	2202.70646687544	1854.29616177924	1344.50084322628	2315.50884928864	1793.37537206836	1738.16963942073	1301.70572937309	1858.53218986144	1818.21771216856	1759.84710410237	1877.66443586944	1979.67859823141	1954.23484723975	-0.582145715412912	2.13146762127663	0.59812976034194	0.590038281886814	1.9777232687576	2.56571578984912
13AG06746-10	1.08083662431128	0.119105277745617	0.161150194349382	0.448876771767514	-0.0824484706589928	0.0100540537426122	0.258806760696349	0.581270936871204	0.472575032158219	0.00609194574740807	0.284508464601486	0.104904642245994	0.642713840495816	-1.56787409809479	0.770856000740663	0.00110291626104321	0.228288093256055	751.48834511194	2227.77929993284	1685.53300433462	1725.10822549198	1347.8514286996	2178.62578335335	1871.82350858165	1399.43172276192	2272.39282760006	1822.43228068266	1690.59925469733	1414.3545603423	1869.91549270836	1772.76872813927	1586.30680177365	1638.61784965658	1963.96516958932	1920.39758313361	2.2049610605584	2.28492564999422	1.58864645926835	0.70487738481944	2.33121378432808	2.57752037589254
13AG06819-20	-1.59305568948965	-0.575549442941658	1.46312976275516	0.868793149817474	-0.1981943006481	0.0600027597083002	0.583433703892142	0.358875336879705	0.0647088112394388	-0.0529077284430034	0.352704217642204	-0.169041025303609	0.630632151060031	-1.61851090702561	0.782552911087227	-0.00127539486836734	0.216523177104655	553.077765012503	2093.45329106508	1889.49876359214	1668.14651303551	1189.20505360513	2026.37664063857	1656.45939316626	1635.82264236514	2275.09440002143	1751.76901726911	1640.85824118976	1702.56472900201	1661.11149993985	1916.00767360584	1521.70752360189	1603.99766468715	1897.19383556722	1788.19502645604	-2.49478255804331	4.21917682092856	2.56308136151109	0.579466310738535	1.41845515159285	2.79655080433652
13AG06986-27	0.770160292577586	0.464052640214702	0.477037862682261	-0.00551224745563095	-0.100565066738591	-0.168423527472639	0.258140722800052	0.567851075945558	0.377494040490336	-0.0495905717951663	0.417053564301154	0.146239131030562	0.632135151784831	-1.425902226843	0.767147989825282	-3.57007404874414E-17	0.232852010174718	644.008330668805	2172.03379788097	1608.93342120679	1677.17025140092	1363.82505575533	2161.43902567639	2105.60866044859	1232.88060896873	2240.36859353603	1886.0801983634	1717.97151737536	1257.30334912675	1853.80014277533	1755.82732926202	1659.3986486953	1652.34350977675	1974.05310462614	1914.9829605441	2.15642278466218	2.50451720899368	1.54670329124863	1.08733930527929	2.28904358564816	1.98991663341468
13AG07555-16	0.204412685405832	0.0300473582473787	-0.842528219550387	0.87450765105266	0.0420421861028034	0.11417947917071	0.0284590711993697	0.248037569314807	0.00735947843554819	-0.13787426462174	0.575577863185243	-0.000492246027304064	0.604071633818866	-1.570064639269	0.812868269549638	-0.00127539486836734	0.18603156523087	880.71495936934	2150.65591263907	1530.6405421297	1900.58560586735	1361.04237788085	2130.86232428858	1669.18115041328	1934.43755816379	2351.7454495265	1673.4381989974	1579.11601066227	1860.55806510185	1783.14839495296	1942.4577092357	1755.87864244986	1691.90706051048	1917.42685265419	1811.81579309252	-3.47053233609535	-0.0457418256909872	-1.30328615773057	0.606059052045878	1.66350775740075	2.54539740227898
13AG07576-22	-0.65413230677409	-0.462320648346771	0.946573979225649	1.61291198770123	0.264194451744284	0.0621664038186299	0.421118721676911	0.304178571601903	0.195662084157666	-0.063742144420572	0.205730876857472	0.476069920082155	0.651315044399719	-1.54921401354961	0.757997396612105	-0.00127539486836734	0.241221457273926	854.628832092502	2265.18021524753	1847.28806537178	2024.15689534434	1541.35782798219	2091.86168317044	1881.17028111443	1240.68045145849	2269.4144533147	1750.95464080361	1619.26942477408	1343.27404352576	1789.14417677018	1748.72344560001	1673.11220635349	1879.95799489455	1906.15138397165	1835.32882252897	-1.13563392869363	3.27327171901575	2.12497779267672	0.495362691078153	1.52937663035913	2.59470969594289
13AG07634-47	0.199901290356743	0.316355351933825	0.133285625477035	1.34609400556637	-0.172422736704823	-0.0545155177959096	0.220707310204928	0.289175845384269	0.0567837690105917	0.164309511047104	0.594499187877275	0.109433721061445	0.64176020747301	-1.40877290203557	0.83735466787605	2.63013655431612E-17	0.16264533212395	780.996710426323	2211.52588572331	1655.92170186266	1736.59613774071	1373.81648541399	2181.27869006006	1791.23206277103	1774.61623806535	2431.18884079897	1776.60546483321	1652.29686584721	1811.2870867151	1731.4815904829	1847.65888109087	1768.76227938979	1655.48076433025	1921.22708199651	1855.183230613	-2.21054055639199	2.17982951239152	1.65596979625163	0.500966104500423	1.55507991160801	2.03060714619614
13AG07846-28	0.836379109645516	-0.0189597126323647	-0.678378737164513	1.78308298869951	0.00753318901719105	0.0250703599995978	0.0140845262859984	0.187748256036833	0.0383814685222435	0.351183289422586	0.559492362573548	0.55580431465098	0.599832638453968	-1.39187158274089	0.847828544150409	2.63013655431612E-17	0.152171455849591	1192.50588149796	2300.87297409918	1604.95976987641	2064.94535562923	1571.51773576694	1927.61849496492	1743.83953391094	1459.0201528973	2242.44005815529	1872.06325403642	1680.235545064	1225.93963135212	1877.86063675238	1880.64004786817	1877.82422932687	1958.68939904056	2035.08255362645	1866.00898455741	-2.76744028877296	2.70512345781243	0.482724422771937	0.187048137978202	1.77301345877011	1.67345106137433
13AG09020-17	0.375431612657802	0.444301596418625	0.981965410873581	1.78943728596873	0.162022036048026	-0.0757578007718575	0.31702614964152	0.325329653854355	0.138521332343112	0.00218159196961726	0.401342838849615	0.465317156835941	0.621207749749093	-1.40303939177874	0.833150325653865	2.31879156671445E-17	0.166849674346136	937.610604602237	2332.46749391648	1816.53168847474	2143.69625276481	1623.25036005615	2078.53759388113	1880.77180474755	1333.02068844175	2288.16970109519	1781.92177736787	1658.82237012516	1348.37036556675	1888.51401658398	1784.56470992715	1777.62708649182	1886.01919901246	1956.27344524483	1942.0399836176	-1.88340533091866	3.21391875334486	1.69762384524673	-0.0284772929248029	1.69170728189596	2.12648363409105
13AG10385-11	0.90896965759009	0.658311081996182	0.294751313820446	1.09477324368497	0.251564212622999	0.068026238862871	0.248640492496427	0.461169931120665	0.205477207740875	0.0547799782866577	0.438589187817094	0.540888927167027	0.620574569766535	-1.51143459740082	0.810006911028191	-0.00127539486836734	0.188909559682953	1038.70124538244	2349.66595992056	1728.47277254119	2050.0904517122	1585.84790327052	2146.74468865085	1879.38603247517	1323.45865045973	2284.04432695732	1827.68868223616	1728.55432606603	1308.34179948125	1867.10847561353	1729.47218049359	1754.95040469281	1868.74893975917	1964.61951229321	1943.36352880335	-0.170759794774083	2.01480719067528	1.22244271395406	0.558154378467293	1.7783155740711	2.54087798702325
14AG00582-20	0.899370387456264	0.474179632193238	-0.119281774515098	1.23833757453491	0.222649591525782	0.0659106640183194	0.144636671875516	0.380339251268334	0.195149442897336	0.0269000277547802	0.352586077525253	0.60129077658597	0.619598935352113	-1.51328822739032	0.807725064829225	0.00605896482840879	0.191204672529493	1087.40522070769	2314.69044415029	1692.98329215466	2049.85504412456	1615.46617815133	2161.82168726278	1876.69470401921	1417.36963340435	2320.9082070412	1763.02039010683	1737.07824583766	1391.06027439788	1838.82040235403	1825.83792653823	1748.93096063822	1902.17014555219	1960.47234696463	1920.92520866077	-0.0337136013194947	1.9325038671616	0.928291869885924	0.559520261253068	1.89104145376232	2.47426385074939
14AG00943-14	1.35376380537407	1.93141809222193	1.00700151758312	-0.0191178240915347	-0.0380299610589017	-0.101129828087526	0.167870934915489	0.417758928091525	0.420662574997607	-0.054808770211861	0.412583876751009	0.227054221831075	0.663602028953119	-1.40196174307768	0.770121386316331	9.23052176902876E-18	0.22987861368367	826.169053759019	2235.86257405221	1635.0449120454	1806.57259136421	1448.37892701089	2295.69044166191	2225.87228883579	1550.82139144911	2318.69069577796	1868.69536782503	1713.17764513772	1573.9317997542	1976.03292641982	1801.97074955793	1739.20376711775	1735.15520355308	2008.9125875185	1946.14603813621	0.720429974754393	0.988467994479796	0.618255431762904	0.72602818836476	2.30290435530842	1.90884353178632
14AG03250-32	1.37916013320989	0.96875237208953	0.665454083201493	0.518349030526026	-0.14286251601029	-0.0933183191353006	0.123677148560238	0.601808819266665	0.328105083724045	0.017923902606777	0.289700330033864	0.364242776053686	0.646439941134027	-1.40836161977354	0.806493330190532	-3.49014790617219E-17	0.193506669809468	936.612132311858	2395.66229830999	1656.04698462012	1812.29429763881	1543.9243732493	2336.40631947374	2150.05820681128	1430.39918264147	2494.95946630955	1951.36402773903	1735.81349961191	1396.69471949328	1984.48186509443	1869.87446367017	1780.70561827372	1814.1220060301	2076.49107641407	2102.8191795115	0.962869450686743	1.18887016562284	0.77262919407186	0.945938490730497	2.24885398613751	1.8582910004378
14AG03361-19	-1.36583414126206	-2.62664691625314	-1.65546945732411	-2.0486410402481	-0.177912770012102	-0.117599821649895	0.356996649259914	0.401501717020397	0.356004161175746	-0.102132154513751	0.337189229824104	-0.0161018359087211	0.68739358997681	-1.43612697889371	0.766662533823189	2.31985417759364E-17	0.233337466176811	470.877977259557	1792.81339209792	1304.75134556457	1343.60338567506	901.839211145306	1702.24105143335	1532.43729320913	754.760308723099	1817.70547835799	1267.73064942003	1206.91977515254	707.138970804429	1331.11250355816	1353.48901532192	1221.44737894332	1273.13221931089	1555.49131145797	1435.06298388472	2.00965242138957	3.16157843464847	2.27924812753716	0.812734443274859	3.41515463187515	2.09256572686963
14AG03394-13	1.52130256597831	0.730161015628157	-1.30926523449644	-0.418844551481375	0.300416160881958	-0.0143641959504965	-0.105521925976549	0.516479019692381	0.26127812709786	0.0233776335351895	0.446907986536442	0.300400976227289	0.651922319096614	-1.40542286517453	0.793883877634069	2.63013655431612E-17	0.206116122365931	936.541316275	2302.57054389884	1417.55376639167	2228.43264780271	1517.10087399435	2197.02228277005	1886.84170614846	1515.42658676381	2285.75403351898	1690.42923781458	1557.62266324773	1521.35782757838	1887.22644850359	1765.10037479041	1646.89698629509	1724.10528356919	1921.04658210195	1959.12395807856	1.91548111869058	-1.34760963480927	-0.711050272164677	1.50485219621054	3.23850157531237	1.82578772413597
14AG03434-18	-5.98754302195383	-4.82987775047368	-7.60394557451493	-3.78526513859418	-0.0816785535898132	-0.0822261877600671	-0.157653879789614	-0.119883583137284	0.0185480711555351	-0.281824370820751	-0.0529601457010569	0.30041993368577	0.515337806259582	-1.27660892308567	0.559828084118808	-0.214113413625987	0.0360508453761216	523.302480417771	193.264936330286	353.235004137984	110.287347643607	684.161935736335	-2483.40054098153	-966.611935318579	-78.6209001249315	-2616.02879763542	-611.633132108095	228.219282920181	-410.955644111932	-366.572177141093	-2.42599941605954	168.79616749578	733.448668942843	84.0162091715866	509.264707303806	-1.39322150150576	-0.690638480849178	-2.01907181902691	-0.636232305675906	1.16663991640271	1.67840352879984
14AG03681-32	1.64046899516738	1.30730785051824	0.00732362677324747	0.227511996194998	-0.147536862894673	0.0264140774743304	0.0612917915719701	0.43748807857059	0.444961159866805	0.000419465495606536	0.286782279010589	0.250385263480088	0.657339543088162	-1.40667951624392	0.746857757669509	2.26991146627187E-17	0.253142242330491	1046.36233007095	2273.74371518297	1587.87964684896	1726.60640212211	1431.85784884757	2370.97680453136	2192.4133806807	1633.15449216421	2474.53342586301	1876.65606839907	1712.15257898703	1580.87410412288	1961.11312745218	1851.57335386127	1705.02937682526	1734.27004030685	2015.29237728007	1961.79607661236	2.28999688969719	0.906653492932094	0.868064452755215	1.55953158622245	3.10668189795439	1.8417733342305
14AG03892-19	-5.21784775768146	-4.6799700872249	-7.40703112220457	-3.81863599366383	-0.0593735214608979	0.0989556371312799	-0.0930731940685	0.27621700040572	0.345027524590342	-0.0874461295320684	0.357123350308571	0.386669657821431	0.680958174353299	-1.27538668969047	0.75359783298435	-2.99178340383369E-17	0.246402167015651	439.127302670456	1264.26798073062	244.396235711511	851.698888888558	464.699225836421	-100.438228549535	328.48292355363	-436.903705593266	-124.929159032974	-166.934580959149	143.445272188041	-479.184773172841	-99.4633752887032	169.997239135554	590.861796836224	626.698709228833	407.013382583199	654.705794175718	1.89018173571999	-0.692324734131924	-0.623993093018807	0.840005068412469	2.29600457554584	1.12076460699672
14AG03972-09	1.4831080291124	0.880667067007398	0.552972159259812	1.01804750202557	-0.0910588599614392	-0.0195251520057076	0.101342299654969	0.458877470766401	0.146957019638758	0.0723549076803604	0.437496525648659	0.450829423978361	0.637601211462973	-1.39434168729678	0.828474556937838	2.63013655431612E-17	0.171525443062162	1113.30028679578	2398.59595378682	1646.78609433784	1884.42154697126	1525.91147347786	2298.16839151658	1996.31064490761	1611.08582376284	2378.04415412243	1795.46527230789	1704.34574202073	1605.7063175631	1930.41376631482	1842.4505030951	1825.73815318378	1836.85930389285	2058.32825353566	2051.17925487008	-0.0616473791188119	2.09061900835309	1.05323150961844	0.496595451966614	2.08504769230639	1.89641662577005
14AG04868-21	1.1455766591571	1.3058323646373	0.816179575594834	0.497331231136431	0.0540859221920695	-0.0712151750962176	0.222507034886321	0.516124820055063	0.38430357577687	-0.00875442983968253	0.331193250547114	0.289034610023758	0.637974007196158	-1.4103032613034	0.762556359850978	2.63013655431612E-17	0.237443640149023	892.802941306482	2283.81747970275	1684.65061289091	1917.66352653046	1548.1702068942	2189.47533176037	2121.75627487423	1467.43363125832	2251.65920014899	1893.73821999071	1774.53583381311	1469.03206510748	1994.40008508657	1792.67853764456	1713.60520240881	1762.33170361295	1999.08432628301	1996.34193062708	1.24902880572148	2.20306045861589	1.61315046222117	0.72951483134297	2.1980314828018	1.94433709072293
14AG05071-19	0.732645166074239	0.692416891298753	0.415763555658177	2.22409581439771	0.279282965706584	0.11254091128088	0.224080744162123	0.304322992147582	0.0722250503654161	0.0614532096410675	0.322361786308764	0.425368570702085	0.626032528816398	-1.39814519246473	0.836101121113526	7.83318846289841E-18	0.163898878886474	1156.5517451287	2324.82403039674	1754.77049428239	2324.2387244452	1780.50267695689	2081.84838165377	1928.32549693489	1476.6743953291	2349.55027122782	1862.31401623789	1718.59061504554	1407.95777538035	1908.23416009649	1861.41686070233	1826.71761890276	1902.39036537965	2034.24872806703	1940.64320713171	-1.27779131132039	3.11244619981478	1.63259903231407	-0.304580579617237	1.57777529991283	2.01382798127606
14AG05152-27	1.12257216577191	0.445001174998482	0.217630700132067	0.26694271607972	0.0562369456919497	0.0160559287451015	0.13124123032713	0.376149589459151	0.327453948925321	-0.017466151474768	0.377904456410359	0.450245288780131	0.609290743946777	-1.4206583774317	0.797406019440982	2.63013655431612E-17	0.202593980559018	941.941039085416	2237.12111194836	1687.88650346716	1928.43616809766	1632.97089261477	1969.72500646076	2014.92726148626	1285.29015384785	2167.6649330268	1824.99923160394	1727.20819544939	1328.46645527455	1979.1615091829	1758.49685820866	1752.10058258053	1848.86703522965	1986.29888910057	1937.89775117174	0.480196322823189	0.944501276284958	0.518367235548587	1.08635022271731	2.18540966154622	2.03360200557734
14AG05301-10	-0.583448599779007	-0.511434985260227	-0.454674391305198	-0.439250793461238	0.0561614761849547	0.0204085659165107	0.217912092254024	0.36346847763916	0.0944366901346663	0.0344078280146916	0.601541086043825	0.192988516319121	0.690752997891973	-1.39515195930724	0.819263929514495	-4.17431447190996E-18	0.180736070485505	829.72175224505	2221.89304613161	1446.2847677885	1886.08161497325	1250.75187720914	2105.61125243339	1903.09893165691	1389.87840839366	2177.35071677883	1618.19867123305	1466.02314759024	1448.1908821055	1631.73784474057	1657.88152638775	1642.74536882347	1576.41844063961	1802.36026166608	1727.495620193	-1.33828123480507	2.02515821446087	1.39594462433325	0.812767982757906	1.82939200298049	1.99512714387994
14AG05319-23	-0.324046406873531	-0.412351567154033	-0.533677791181267	0.452800498354957	-0.229620740891633	-0.142561340072778	0.125099053759055	0.393705520400073	0.0807121192795877	0.101417373696483	0.662096509607789	0.457799719040346	0.630721889196962	-1.41202777325712	0.858294106550417	2.63013655431612E-17	0.141705893449583	742.822412366503	2248.32112831735	1502.22540032287	1630.81820434143	1312.43922141063	1984.5438663282	1741.1202781442	1293.57858745462	2208.09972249478	1672.36798756106	1598.7717716543	1192.14073421643	1693.91616872073	1713.23300074303	1777.9997943879	1762.44983801183	1907.82106099054	1829.4067378948	-1.83729525778362	1.90587854402976	0.537744483964215	0.105264634900478	1.64910060429887	2.02145682838699
14AG05325-30	0.576438297597561	0.858971936138861	1.19633583860753	1.08069213057473	-0.140136464592095	0.0500122017541703	0.424268476225154	0.411557506411923	0.35272552347722	-0.0030939476210953	0.490364014819077	0.0549082230659677	0.666583334382861	-1.3926968174215	0.727346005470284	2.63013655431612E-17	0.272653994529716	806.081994692758	2119.88078239433	1654.65326620267	1644.08479029859	1284.30783980866	2181.99778391052	2155.57830102284	1414.26256815265	2223.44080455748	1848.13274144827	1668.39238225186	1406.8339129708	1816.44779276324	1710.16376554982	1672.60172254812	1568.69330869392	1877.93061426524	1785.67715911445	2.48951371008754	3.4797555083194	2.39571566655683	0.627808728465024	2.00889927660738	2.11670733257577
14AG06301-08	0.853789508417065	0.426414506584551	-0.158208441898704	0.376666782811071	-0.15759959198191	0.0218151619132966	0.131903184180809	0.449073449386549	0.309004571483799	0.123300102689703	0.601587049145907	0.4052767003536	0.631625569662691	-1.40765701283148	0.808942331835362	1.50235220787276E-17	0.191057668164639	976.476937722881	2342.85103837646	1584.12018862004	1710.12020955061	1392.10900410466	2152.11136951959	1940.76760610209	1379.21109569051	2205.64657365284	1849.27172920893	1657.05970647483	1323.13794640893	1879.48068813869	1699.46334706072	1777.43275860305	1750.29720034417	2006.96553935356	1954.27807897009	1.27298738223571	2.34347950961715	1.24448214364254	1.23308922996877	2.39511554512476	1.91814963764294
14AG06348-26	0.981540160492154	0.404198207867434	-0.131048901409971	-0.197141333694761	-0.234085399248273	-0.134559390458698	0.00449143909206704	0.672137020526051	0.287825852787978	0.0530428302786666	0.15874333552733	0.425689060617809	0.65081638182141	-1.41727753091995	0.821443588387267	-5.89773772787229E-19	0.178556411612733	839.601435119654	2396.68114359815	1614.63260212868	1681.17543010993	1459.3485021812	2117.58394012594	1951.92691524533	1389.00980166649	2403.165972477	1780.03863909327	1595.49162817344	1337.99809712243	1970.29307252081	1810.53864635928	1711.07510055006	1754.26048596403	2075.0061079792	2120.44091502289	0.651774177709302	-0.651075379771095	0.0271647555947043	0.528106389456239	2.24644478000031	1.83167367463482
14AG06437-26	0.703163898519555	1.09867828461184	-0.0574039490752729	-0.206022710345906	0.134608140061329	0.0539648202299021	0.182908623628283	0.531415287759325	0.394841796911611	0.0989455058002477	0.409927852166529	0.307271271663221	0.601470489475662	-1.43426449590451	0.792503551684439	-3.3242257685607E-18	0.207496448315561	863.689431121803	2216.23721080804	1640.77642400148	1975.45302651855	1346.45470672191	1935.8530513544	1915.87738168096	1100.15533765368	2023.24399398478	1853.93538332508	1737.52467125002	1092.92106678044	1944.07610968138	1704.69123992118	1668.21900846107	1748.53103259844	1972.71438308258	1883.68947414446	2.10875839511164	2.15980000371042	1.27158665091446	0.973197548508449	2.61955780842251	2.15249554173241
14AG06588-17	0.0105661027956538	1.10348794898608	1.40543758170481	1.41618328935832	0.155092055940683	0.0184599261765389	0.398043757274092	0.35135388576123	0.139641295866852	0.0196287403479053	0.244667746595986	0.271169271671959	0.635994380730197	-1.41611291614172	0.765861136712057	2.52245865189188E-17	0.234138863287944	1049.7707465201	2208.9711872938	1792.48785088677	2097.01564241159	1518.01718571334	2000.64090105584	1893.45966296343	1515.02657335446	2136.71102972487	1884.10134869772	1712.37662039123	1545.88648141432	1833.16021877442	1872.99074362649	1729.84531401866	1790.77740118605	1950.82302005664	1879.96202584128	-1.1224007679959	3.45690056618857	2.73721398161219	0.537018099759014	1.60034771508519	2.10821551330005
14AG07429-22	0.170411131180738	-0.059694376869746	-0.109678631212948	1.26764759494211	-0.249495228710721	-0.255385153002205	0.111523183410135	0.357729309518723	0.165368877164843	0.167140240692115	0.365159180251883	0.683255524707082	0.628744578073092	-1.40849649071001	0.839243592654414	2.63013655431612E-17	0.160756407345586	892.577807202044	2436.78748167452	1638.47228038444	1701.75243172857	1444.36975407137	1981.15853442093	1876.11233271359	1200.23094768593	2274.98691525069	1806.26000715793	1629.79724355106	1169.38933105508	1954.22775330616	1812.99577691248	1810.10863870163	1951.30060573549	2067.81767869001	1966.7430576028	-1.2603048077675	2.04656786922728	0.439927021827369	-0.0952250336614072	1.7101796935863	1.89702129764505
543933-21	-0.29696813077712	0.134575365871796	0.793521532752637	0.919830863349055	-0.199957778866146	0.147197264763237	0.412731677907736	0.418109524495841	0.274740665979062	-0.0109671927606534	0.405859201940069	0.169855596608675	0.643245084808713	-1.55140116282583	0.776033322724912	-0.00127539486836734	0.223080670335917	838.309975190975	2209.76759816986	1789.45595423723	1678.32071101311	1324.81939469764	2097.71570536356	1858.00843013455	1389.26460083599	2265.31096896522	1796.22639161181	1671.76753019695	1418.97600126265	1809.04516375968	1806.43252340388	1640.05645814351	1715.32864318203	1933.48290179781	1882.3934906456	-0.960261345636936	2.51529410317822	1.94229667398602	0.604441872398267	1.61395391034047	2.67551195921308
544085-14	0.682499405546276	0.0982514071445444	-0.0191957207377596	-0.194575004765944	-0.0365502457808713	-0.102527278081349	0.225987672821063	0.665410943540615	0.458639475213073	0.250851156329764	0.413000518357527	0.25068158686647	0.631133045829325	-1.56393585841605	0.812337979803264	0.0132992719429893	0.186564938080382	631.141623270437	2298.48170153996	1553.9549495499	1759.87597727838	1301.29773720953	2079.31891626739	1928.73636348262	1262.81657654934	2237.89346891162	1859.07579004947	1715.59098767151	1233.53995921232	1842.31365625556	1724.25497048486	1657.01886891317	1639.80263362155	2007.93060049417	1936.32251361642	2.62644382831553	1.53567972231443	1.48006453698725	0.724838730304087	2.24229732440931	2.54909289504443
544321-13	-0.444450824251872	-0.509873506032718	-0.144815457091599	-0.859042652574923	-0.0273214655847999	-0.167036875261384	0.273519908870783	0.779373669860577	0.35544119862542	0.00122232948250393	0.32430810787173	-0.0285721218487982	0.684105520783496	-1.58433864775934	0.773547110410404	-0.00127539486836734	0.225581337482037	463.43907498363	2207.18797652639	1530.73141860573	1745.87884213678	1145.60109896515	2128.42924963047	1814.00638318387	1419.00126922696	2255.14848461018	1683.01823610867	1498.46052295519	1417.57409972823	1749.131236997	1701.23044642557	1452.20403551031	1451.95365838193	1894.22102474304	1919.04994642712	0.841487614378753	2.45913635062328	1.02938404858658	0.78509902644684	2.1292537672897	2.55742536576983
544904-24	0.457265626551904	-0.378092268452738	-0.606276603217833	-1.0009074844384	-0.214492056883341	0.0111572289081931	0.120190527248221	0.632827286044383	0.512054381391622	0.0757526182858941	0.131505532248233	0.404356209647083	0.669160550440295	-1.53805335583684	0.77926806054935	-0.00127539486836734	0.219827125754595	842.421730790437	2283.9735146085	1516.4345224135	1679.25144286425	1368.29865476829	2120.09758708554	1994.81107156587	1200.29054716341	2286.76552339144	1794.97152498379	1644.80399374404	1128.23225814022	1800.68008299202	1693.21302060628	1591.66930609465	1741.20057744132	1942.09421394231	1931.35031894076	2.27588526730791	0.454589884880863	0.859415635265043	0.606688982901426	1.85296069929439	2.3885229976149
544957-09	0.233876820507116	-0.362566403411084	-0.0237070599861457	0.403774378999957	-0.174824323844679	-0.0370181757949861	0.238286557260041	0.704349515747243	0.465608029356405	0.0903653099595524	0.35368993366432	0.424214460980409	0.648471485411182	-1.55097022139461	0.800295557814449	0.00126750827988561	0.198677374677778	750.61821889395	2343.13167239847	1641.02553775595	1705.17230568571	1306.49244983118	2076.81757828481	1917.2313722568	1407.69237742172	2232.84458914108	1787.76504977167	1617.28546291336	1317.90929403931	1845.21754539873	1680.35261292388	1614.41266389942	1708.72903129303	1956.38040412813	2018.12372374174	2.10759387491103	2.91362785934637	1.58131925829713	0.680216080851897	2.04197774009275	2.5037802406467
545380-06	-0.3368355917951	-0.972814523534322	-2.34115561827346	-0.952233298951544	0.295377332294676	-0.0181485449015012	-0.133160636080824	0.284052517794602	-0.0484755581543299	0.153560912266754	0.529056204365268	0.871764798708216	0.64089868586645	-1.49078678995417	0.871070393506676	-0.00127539486836734	0.127491054283973	947.143401000631	2311.7400725807	1412.56651003211	2055.58791125886	1556.54341674898	2015.24193743867	1671.42216141605	1046.31881040098	2198.45608891061	1526.53036232765	1466.26584265234	946.184467074283	1668.72492536939	1596.61594261047	1685.55175719334	1904.28278015524	1904.82976948834	1815.03623414978	-1.88271839375343	-0.0874400880745182	-0.932950123050934	0.457469535912953	1.83187148482954	2.25881019035603
545783-27	-0.780304891137637	-0.819817704040428	1.27942583603917	1.11290698879582	0.142723706897443	0.0963334897088665	0.508413255317081	0.276444580893801	0.142676993012718	-0.0553188456810747	0.289454083602969	0.392469287756321	0.627972538185414	-1.55432308243125	0.779100534423296	0.0114739551625995	0.219995625877089	876.608365708257	2207.17687253526	1875.95595216524	1905.39710103826	1531.27130005349	1978.08193020929	1823.33828284663	1351.44995158601	2232.93134793428	1762.32253140033	1630.9033871381	1459.64758184761	1767.44507713014	1679.38981234096	1609.42108681952	1807.01538476713	1877.5129338327	1836.21632307601	-1.59844117820431	3.67448062329086	2.59665345324127	0.479934223352223	1.33932507971755	2.68095080503672
546332-16	-0.789293210224228	-0.446039579972747	0.213721756427468	0.142994773438615	0.0717724955079177	-0.1733047578544	0.362328325774175	0.426309394638737	0.226285659611575	-0.135285688115827	0.199007699128412	0.289706859601658	0.721478107592771	-1.38450318088843	0.753250922723075	1.67803720656494E-17	0.246749077276926	751.003863529196	2181.10783183956	1486.82802400982	1920.7827605873	1302.31644375872	2061.16945313363	2051.44001448965	1097.94758381789	2189.62770536822	1674.72946072287	1496.39985423362	1125.28886632306	1629.14027997452	1664.8089548755	1546.08082939491	1557.0978131253	1789.71317975165	1779.17803286526	-0.726476940519305	2.80375290360253	2.23176570491217	-0.765296393799767	1.65933074148075	2.02186581419087
546461-7	-0.0323151897457516	-0.0320272476193929	-0.672470604258551	-0.722577161896114	0.239979130437347	0.0986753440460977	0.0774012967497313	0.541397065674279	0.188791910868635	-0.0684635005847628	0.513989946878775	0.668586309002646	0.615024897551961	-1.54147817415935	0.81654871261443	0.00362230626374724	0.182329724080143	910.807973392266	2311.98148157308	1487.13635817919	1985.19719602509	1427.53188986414	2120.62530149024	1742.63065371966	1167.85832634634	2261.0642637508	1682.63155936897	1623.40184425181	1120.66271497587	1832.69019562033	1702.80755075353	1684.60650583144	1869.65523948535	1913.00182177017	1884.61766983791	-0.265932791638084	-0.0567742071246902	-0.226102492446222	0.516975614267393	1.65275223805539	2.4927623840547
546778-29	-0.325625054088514	-0.589496804840965	0.0830605147464132	-0.460015724906051	-0.398776979767461	-0.125958699012418	0.273314652537071	0.432441212841655	0.0967260790472858	0.0696779833457524	0.719163015510891	0.273574026344046	0.661132606943042	-1.53630274121689	0.794690703606103	-0.00127539486836734	0.204314815493197	577.042811057461	2232.39465328379	1611.25905885948	1583.58800498086	1216.1428687691	2036.79581686749	1826.4172974476	1457.54778616914	2216.46163702648	1717.95796571439	1569.0526251714	1416.32133151222	1750.54855878093	1779.03492612093	1671.54710798209	1724.22736313334	1891.40719772049	1865.92209086681	-1.17086293024293	0.909482491242158	0.896554006783411	0.517680752716743	1.70238656468883	2.61900796034955
547408-26	0.191120613224749	-0.12739563325849	-0.425888480904767	0.283726358694603	0.428808359758021	0.158701175419872	0.123757820090683	0.327249816739467	0.102085022486494	0.0133362657643173	0.424955101111602	0.667567829169315	0.615557799835227	-1.5089024390159	0.812983257219212	-0.00127539486836734	0.185915909023299	1174.30658915062	2296.90493479925	1579.4716074605	2186.283485703	1605.41626938729	2083.636483116	1848.35031885616	1169.21958618397	2317.07050756612	1726.78367902043	1610.83454727054	1185.67541522001	1789.01704715611	1754.0698117845	1712.97830133047	1876.25691613237	1905.08988495703	1864.65116058886	0.291224935423768	0.902609151156432	0.188558757032597	0.4699673119825	1.58017342084923	2.50718397495165
547918-19	-0.232149894166043	0.649425081350305	-0.518226732256579	-0.491873128932473	-0.213069821214516	-0.097910473052793	0.103871572761771	0.369613188406003	0.308449394021043	0.0079008095700045	0.613633909028151	0.257716094250604	0.646585190629863	-1.4173333610369	0.778059841509219	-1.38865779076753E-17	0.221940158490782	737.917725227752	2194.60009840272	1441.76525154051	1579.49865667778	1292.11477920503	1918.91418200289	1920.55662375039	1504.1857556463	2165.24739138731	1787.11506412375	1675.72658392713	1490.99667809792	1826.2827361747	1709.05594849853	1671.11000497038	1682.62620375059	1908.19683658498	1853.90858968772	-0.444968529153896	-0.0873163179349919	0.824283290009967	0.420557722947469	1.9281768318858	2.04266038250566
547949-16	-0.255851326618285	1.09173044836312	-0.561040796134023	-0.870301809158252	0.050395744095236	-0.125791025418007	0.171385228239826	0.903273352973297	0.395495341253527	0.141775201259073	0.266825851085041	0.38055809406543	0.65182455692954	-1.57052511629172	0.792163870941444	-0.000132830166138619	0.206856339156073	577.302198460981	2317.68153035403	1543.96265354339	1833.3737905902	1289.58355054805	2082.65886742258	1863.03314664147	1099.54278031421	2177.20879160146	1809.73839615121	1631.41546957944	1075.6645762071	1863.82499155497	1639.67816048273	1545.2727458144	1637.2562707856	2010.47740923651	2007.07656426689	1.00154388572496	1.89432082185652	0.883541014468402	0.697585945559702	2.12012474485752	2.41714835672621
548508-12	-1.29940260689565	-1.44546028875954	-0.653012779269588	-0.0817137372533821	-0.454208288281615	0.0472236811411126	0.370295775109469	0.703263476622451	0.229911390866099	0.26333662505088	0.703493144986241	0.265972293851536	0.59978496666228	-1.59044209965548	0.802269431191188	0.0132870799415935	0.196692025206614	615.036035928234	2286.05119472693	1550.82066105542	1457.36081530213	1086.01603577432	1982.56785634519	1633.46626663398	1107.54572187124	2201.14974287069	1720.18287778179	1411.98170667551	1119.25887978416	1748.37515663938	1564.86176012631	1553.13609677409	1607.47097482955	1897.85639590386	1875.45488724577	-0.327794376626857	3.47747752686908	1.88982760715108	0.615345807800082	1.7834947176728	2.63412366107395
548590-51	0.444703138918154	0.193202654141885	0.342357298203574	1.31002249656441	-0.105319930050575	-0.0109432118487279	0.217070209635648	0.276274875303503	0.164551720476013	0.0714117415454053	0.491356962013284	0.5374906796848	0.631330216091484	-1.41387478610065	0.817525663157459	2.63013655431612E-17	0.182474336842541	931.636741900639	2310.11145539136	1700.91381987366	1708.54890852917	1476.50874649599	1959.70524657121	1903.20028437046	1228.31798982155	2069.47526119768	1807.5151365834	1683.96274833313	1230.88069092226	1830.27897368614	1743.15800031687	1765.33481386841	1912.36135051253	1972.7315095842	1877.65252792715	0.123790612341736	3.38253002780515	1.03939536369146	0.705863311683978	2.09824438418859	1.98346839084792
548826-6	-0.402949198332121	-1.08959660027635	-0.34463268977849	-0.843357842572813	-0.254680189814673	0.121337235333546	0.178518679270981	0.59060359134129	0.298127657680459	0.0807332951814473	0.581140691370836	0.551138242572505	0.657645889072058	-1.52723753036694	0.833233646692415	0.00633241400257024	0.16554778384096	1043.33992621797	2327.31753273225	1547.95868534623	1624.75689424295	1364.9653637366	2049.08675223157	1883.67520293288	1336.5623885694	2173.15040805321	1781.87380580971	1649.39199494681	1250.98710722243	1826.47615270651	1633.3285231148	1706.70503268445	1785.13295015682	1934.95604942906	1936.8364159641	-0.00777208909492533	2.02470680572577	0.656815351202204	0.509355099774516	1.69949183827539	2.57850958353926
549407-21	0.797670800055722	0.779365939002709	0.252915621658194	0.70144571440669	0.322564844964688	0.0779951054471546	0.124649097430707	0.387101073616777	0.148116667709422	-0.0153750111171129	0.318679462307652	0.567181135723036	0.616949124416339	-1.40531089500442	0.828450305782755	2.63013655431612E-17	0.171549694217245	1065.26536304325	2348.1579540808	1693.13639450027	2340.1173493795	1745.74193172358	2080.84781943288	2020.10651027592	1265.21527862146	2254.32037001572	1815.01260290735	1732.88237649208	1163.71661500284	1926.06822404351	1794.05625224421	1804.81630470971	1935.94183427185	1969.86315637605	2045.34843870339	-1.08918317057847	1.37861351064741	0.236961932732393	0.00714130749117919	1.74894761235105	1.95195240158176
549724-19	-1.72054439946902	-1.3004034496868	0.470993217881221	0.145727575935579	0.000208852702239609	0.0623980626547576	0.505532260045619	0.572743256389265	0.104558905102248	0.0128907589768834	0.283290110382157	0.320759928441573	0.637513904294082	-1.59254233708411	0.804587949471339	-0.00127539486836734	0.194360027067508	639.61514887951	2207.36193905412	1757.52775512538	1846.86613288183	1212.39224553323	1988.01866511917	1698.29826380057	1170.67675562945	2280.70445770032	1714.19913712494	1427.02520118823	1201.02937921494	1730.08451795979	1668.0168241372	1534.62084969059	1668.58226337141	1871.0660365865	1850.16849530384	-0.931563443554344	3.55161129819939	2.01791907194377	0.580664995884698	1.57004315287145	2.63854405011708
549764-27	-0.529873928814674	-0.466212089447456	-0.550281724812993	-0.194402673867576	0.076651008340244	-0.0957887422620077	0.16853981553263	0.384068740896984	-0.0535531869883974	0.189744547232698	0.620210295311165	0.538269140467482	0.619236934927162	-1.53990241776691	0.833373366020719	-0.00127539486836734	0.165407252184863	835.768943103905	2328.63273879296	1476.71928589189	1969.35616299795	1330.52061981672	2063.98690285265	1696.17673152024	1326.24495354167	2277.39763941215	1733.34298933016	1520.6642316599	1284.94623823633	1760.55197311691	1794.00879849754	1755.24561372849	1809.26416435254	1946.4232628758	1844.73083905579	-2.06381276648906	1.4926791907863	0.901263575391555	0.508038158569091	1.44401251553203	2.52498053351782
549857-25	0.066013753099941	0.25532567013189	0.536592717251782	0.0702734943012672	0.260383348781001	0.0327066060490928	0.315951887541136	0.594398040989825	0.213754154737454	-0.0207230701102621	0.223577830010078	0.512903986279371	0.636647872933447	-1.52854087377372	0.792599307881648	0.00151831516574069	0.206418370586686	964.177525968793	2305.87839903994	1667.17943924841	2057.41244828072	1527.6930394375	2121.59548956804	1901.41952838337	1256.17114286484	2276.72732445046	1831.93120770734	1671.91718557523	1203.85131032085	1836.02689950792	1754.90995147322	1674.0551585796	1811.00152918432	1971.63605584175	1956.38621165143	-0.914615511838156	1.07790896489029	1.04489307172349	0.554372075520016	1.65283719843199	2.53348106107132
550409-21	0.750677993812824	0.361227651797659	0.940354760171865	2.76806544157488	-0.10842765772486	0.0910621015805491	0.383301312135115	0.393234853716786	0.270387292863795	0.0223966485424428	0.316413405131585	0.449154052226309	0.596547017494586	-1.54795153579756	0.795461569747282	0.0126078112924027	0.203539467538376	895.394832915444	2298.3233668516	1859.28581838489	1810.10049382385	1575.87028578845	2119.61832903034	1865.19648821196	1439.70390915201	2313.64732232517	1867.02863403911	1786.64922079714	1541.23559237175	1897.49460608808	1841.64394441087	1754.83437497318	1862.66693689789	1964.07933990035	1944.44786480521	-0.208693223822427	3.66959118280474	1.68851134913548	0.513050350502189	1.67724669007079	2.69538056435802
551186-18	-0.572398099631872	-1.14928996466708	-2.3495417864964	-2.40333813679966	-0.357241539561352	0.0187375609702031	-0.0158426024672667	0.785092227888833	0.321111784443964	0.158971605932409	0.651380385744344	0.547434764732933	0.621821994103594	-1.59472235030103	0.829320682963183	0.00396194058834267	0.169483497530636	710.889020562431	2318.45963225111	1236.34182416973	1472.78680782753	1163.29289073417	2042.21691517901	1632.06259821295	813.631783844324	2185.55760404166	1612.17933816147	1455.79318456781	841.810964179855	1757.75165334888	1561.62311281003	1591.69628262127	1659.16322439747	1899.85152756749	1874.73585408851	1.124545805431	-0.293138804425832	-0.275751740276947	0.645702961207754	2.2070682318572	2.594787762931
551266-23	0.40984785246223	1.32092932384429	0.048314663077005	-0.752337205616828	0.0578749824613901	-0.0719218590004372	0.13388048802125	0.525572379962252	0.501264542929036	0.0195546298303646	0.4945041202442	0.0369268205145037	0.617689499148209	-1.57355189728455	0.775569992062599	0.00929332862724833	0.223546694801437	630.736886549416	2199.81122508455	1559.78196819109	1859.02116518485	1288.66459892448	2148.13860451473	1888.28248755477	1744.51191234287	2265.30201766116	1821.46473093826	1687.3250739481	1733.27023992026	1830.86493487723	1813.73122133602	1638.68172821568	1641.14485538604	1960.15591331948	1899.62529794363	0.651179692858014	1.13257326780834	1.14674335256448	0.688559071518505	1.97174538358744	2.58282952594304
551514-10	-0.24597888293277	-0.354221851832717	-1.13404850598121	-0.167154857479503	-0.184170894917742	-0.181566530193065	0.0362375972349573	0.467495847051738	0.0947666656139447	0.25193406534035	0.673999284772551	0.545837370230146	0.619330085597629	-1.41649293232521	0.878153403652027	2.63013655431612E-17	0.121846596347973	778.03427713923	2322.2687251505	1478.80407450079	1661.23720572059	1340.86102657348	1844.77393520341	1604.05612365315	1217.13189282657	2097.32758976057	1642.16871195951	1623.29629175576	1214.79268052737	1809.85565186392	1724.05800073443	1795.45194498786	1807.67854783779	1997.41197377156	1896.80425322245	-1.60292797385504	0.657141040002547	-0.0235139554655617	0.480784339766305	1.78074264728988	2.02996144326537
551743-13	-0.705010301212566	-0.995104100667236	-1.08286394925163	-2.13740453906267	-0.0999239018347941	0.0353299046592527	0.144757096051925	0.960110658345585	0.282970489365945	0.0115965294617041	0.321206295514786	0.506448192604495	0.656383396830812	-1.58916445677477	0.806830592809603	-0.00127539486836734	0.192104345006996	723.416162043965	2304.49430710832	1410.31549655459	1697.197296675	1192.35051357669	2079.56332019074	1700.05921161014	879.579605400911	2164.36022746669	1718.12704904874	1396.5731031037	869.912805558671	1827.3409450295	1502.082115786	1521.58781526499	1628.2193410939	1941.89951083032	1967.36598417037	0.417420223751157	0.260676292838764	0.0786583964715795	0.73288068970463	2.07644331512766	2.61791107933589
552138-23	-0.138114481899221	-0.420559529741654	0.211321423574862	0.344165523747162	0.108706540406292	-0.0844192623917717	0.310509316722843	0.856460947412362	0.288456953820937	0.203925601323934	0.391952060451417	0.340799549227736	0.608564696684234	-1.5904170659903	0.797135017283652	-0.00127539486836734	0.201856290582597	765.388562202161	2357.69640743291	1718.72824950502	1930.23901241637	1386.06131724824	2116.87718517216	1835.39902364861	1173.41662814329	2279.92225143788	1843.78638274732	1647.26588729669	1248.05447423673	1832.56187005505	1740.80844537465	1654.09590094308	1652.39623806096	2020.07867220648	2010.47561148085	0.0851058168400783	3.06308296888582	1.96074416834886	0.691810157313755	1.95272085498953	2.62720386211141
P20AG05411	0.513641423605248	1.01629416224082	0.53524600329085	1.03567058638869	-0.184565740170802	-0.0081853443796241	0.202254145322475	0.328563615562054	0.0537643675319959	-0.1367992332518	0.519658011539361	-0.0370344496331019	0.649642614190329	-1.41318301473896	0.755453870268034	2.63013655431612E-17	0.244546129731966	766.163964489701	2063.37628414332	1548.59005434961	1683.96908068333	1282.18127804686	2143.85817709645	1819.47718713777	1831.27968433332	2259.01115042165	1773.86247851625	1685.01952810724	1796.62174170207	1804.29356542891	1878.00310177597	1680.22584353965	1606.67839146734	1883.97727677954	1807.53465682936	-2.42124845974034	1.65375244350915	1.20655897115569	0.5850246475796	1.52715800495768	2.04913385352714
